{"appName":"MyWebApp","appIconPath":"public/img/capa2.jpg","splashPath":"public/images/arcanjo.png","packageName":"com.mycomapny.mywebapp","versionName":"1.0.0","versionCode":1,"isFullscreen":true,"isHideTitleBar":true,"titleBarBackgroundColor":"#0082A8","isAllowLongClick":true,"isShowLoadingUI":true,"isAllowZoom":true,"isPCMode":false,"isAllowAutoplay":false,"homePage":"in.html","withPHPEnv":false,"PHPPort":57249,"isAllowSwipeRefresh":false,"isAllowCamera":false,"isAllowMicrophone":false,"screenRotationMethod":0}